"genre_name","u0_med","u1_med","slope_med","or_med","ratio_col","ratio_black","pref_cat"
"Bluegrass",-0.263367,-0.07207435,0.15177515,2.48594010964493,1.26457648311953,0.63920572616024,"Preferred (> 1.25)"
"Classic Rock",1.86438,-0.126034,0.09902925,1.81153671727275,0.96821639898563,0.566697528666049,"Less Preferred (< 1.0)"
"Classical",-0.8736855,0.1904315,0.4162975,12.1555395996105,1.92916174734357,1.04107465771119,"Preferred (> 1.25)"
"Contemporary Pop",0.782509,-0.0514942,0.17307845,2.82489360107953,1.16190476190476,1.09267748429504,"Slightly Preferred (1.0 - 1.25)"
"Contemporary Rock",0.72504,-0.02650025,0.198165145,3.28376578828381,1.06841062881664,0.672126175310889,"Slightly Preferred (1.0 - 1.25)"
"Country",1.20224,-0.2189495,0.00476800000000001,1.02902113978332,0.908653846153846,0.588271469360861,"Less Preferred (< 1.0)"
"Easy Listening",1.156885,-0.125635,0.09900385,1.81126066734962,1.14309987914468,1.19532491818607,"Slightly Preferred (1.0 - 1.25)"
"Folk",-0.6657355,0.01893205,0.243900091,4.32062706648093,2.03393684947083,0.677366539836274,"Preferred (> 1.25)"
"Gospel",-0.1817955,-0.07707795,0.14698395,2.41549370800539,1.13833340205335,2.08274147727273,"Slightly Preferred (1.0 - 1.25)"
"Heavy Metal",-0.2223355,-0.08178665,0.14295955,2.35786677205226,0.815789473684211,0.617671328523369,"Less Preferred (< 1.0)"
"Jazz",-0.163517,0.1077,0.332906,7.37013482772403,1.6069416272256,1.82348909657321,"Preferred (> 1.25)"
"Latin",-1.06461,0.104597,0.3294425,7.21855648438268,1.16112676056338,1.68572841133817,"Slightly Preferred (1.0 - 1.25)"
"Musicals",-0.607647,0.06574745,0.290908,5.72846725655159,1.62889869588932,1.11221421411866,"Preferred (> 1.25)"
"New Age",-0.5394375,0.0562018,0.2813805,5.41018344077041,0.958317101675107,1.19829787234043,"Less Preferred (< 1.0)"
"Oldies",1.99579,-0.110453,0.114534,1.98814889040531,1.04836389787846,1.03875540826659,"Slightly Preferred (1.0 - 1.25)"
"Opera",-2.39588,0.228209,0.4539525,15.2368220310095,2.40740740740741,1.93123654628079,"Preferred (> 1.25)"
"R&B/Blues",0.4148165,-0.00294389,0.221660865,3.78091177501237,1.35612408628989,1.49144559784698,"Preferred (> 1.25)"
"Rap/Hip Hop",-0.04572535,-0.03960775,0.1845725,3.02658525673254,0.715759360946459,2.45042569485112,"Less Preferred (< 1.0)"
"Reggae",-0.4556545,0.0819391,0.30707065,6.31181896400597,1.17802197802198,2.04258292464273,"Slightly Preferred (1.0 - 1.25)"
"Swing/Big Band",-0.7845755,0.0948187,0.319023,6.78109098641585,1.68101240141006,0.91473937749924,"Preferred (> 1.25)"
