"genre_name","pref_cat","ratio_col","q2.5","median","q97.5","mean"
"Country","Less Preferred (< 1.0)",0.908653846153846,0.598785525083061,1.02902113978332,1.76425772641053,1.06638592108263
"Easy Listening","Slightly Preferred (1.0 - 1.25)",1.14309987914468,1.11935799269169,1.81126066734962,2.97481762838086,1.87513303482572
"Classic Rock","Less Preferred (< 1.0)",0.96821639898563,1.03737080012554,1.81153671727275,3.16452036533437,1.87758960051981
"Oldies","Slightly Preferred (1.0 - 1.25)",1.04836389787846,1.15076068302026,1.98814889040531,3.45075369481336,2.06470487156133
"Heavy Metal","Less Preferred (< 1.0)",0.815789473684211,1.40498707056227,2.35786677205226,3.98194963397466,2.44461078384655
"Gospel","Slightly Preferred (1.0 - 1.25)",1.13833340205335,1.47267312302738,2.41549370800539,4.04962318096245,2.5070992660866
"Bluegrass","Preferred (> 1.25)",1.26457648311953,1.50680143852964,2.48594010964493,4.0427055264605,2.56417722368776
"Contemporary Pop","Slightly Preferred (1.0 - 1.25)",1.16190476190476,1.6650035824605,2.82489360107953,4.85695397637171,2.93402031639702
"Rap/Hip Hop","Less Preferred (< 1.0)",0.715759360946459,1.74838255215397,3.02658525673254,5.31474716677856,3.15471451133285
"Contemporary Rock","Slightly Preferred (1.0 - 1.25)",1.06841062881664,1.89801853886782,3.28376578828381,5.59338450053726,3.3969299076849
"R&B/Blues","Preferred (> 1.25)",1.35612408628989,2.29630447441221,3.78091177501237,6.31223704655849,3.90923722810256
"Folk","Preferred (> 1.25)",2.03393684947083,2.57374649099462,4.32062706648093,7.1854951299266,4.47330807182452
"New Age","Less Preferred (< 1.0)",0.958317101675107,3.21988809086579,5.41018344077041,8.95896628325177,5.58300824940341
"Musicals","Preferred (> 1.25)",1.62889869588932,3.50486960235014,5.72846725655159,9.53752152638442,5.9285480475964
"Reggae","Slightly Preferred (1.0 - 1.25)",1.17802197802198,3.79615372960167,6.31181896400597,10.4177606050595,6.52150588662791
"Swing/Big Band","Preferred (> 1.25)",1.68101240141006,4.08450624495079,6.78109098641585,11.6012354906188,7.0546472929587
"Latin","Slightly Preferred (1.0 - 1.25)",1.16112676056338,4.24757982593256,7.21855648438268,12.1846365758318,7.51822309474294
"Jazz","Preferred (> 1.25)",1.6069416272256,4.44084880534442,7.37013482772403,12.1443695402538,7.60898126825785
"Classical","Preferred (> 1.25)",1.92916174734357,7.3146410680846,12.1555395996105,20.5724798148824,12.5635567764142
"Opera","Preferred (> 1.25)",2.40740740740741,8.37683005670225,15.2368220310095,28.0383776014381,15.9927133981979
