"genre_id","state","n","prop","pred_mean","pred_lo","pred_hi","outside_band","genre_label"
"1","Neither",707,0.598138747884941,0.596172588832487,0.55835448392555,0.631979695431472,FALSE,"Rock/Classic Rock"
"1","ListenOnly",49,0.0414551607445008,0.0419695431472081,0.027072758037225,0.0592216582064298,FALSE,"Rock/Classic Rock"
"1","LikeOnly",389,0.329103214890017,0.330342639593909,0.296087140439932,0.364636209813875,FALSE,"Rock/Classic Rock"
"1","Both",37,0.0313028764805415,0.0315152284263959,0.0194585448392555,0.0457064297800338,FALSE,"Rock/Classic Rock"
"10","Neither",716,0.602693602693603,0.600809764309764,0.563973063973064,0.638888888888889,FALSE,"Folk"
"10","ListenOnly",64,0.0538720538720539,0.0543930976430976,0.037037037037037,0.0723905723905724,FALSE,"Folk"
"10","LikeOnly",349,0.293771043771044,0.294850168350168,0.26010101010101,0.329987373737374,FALSE,"Folk"
"10","Both",59,0.0496632996632997,0.0499469696969697,0.0336700336700337,0.069023569023569,FALSE,"Folk"
"11","Neither",667,0.550784475639967,0.549282411230388,0.510322047894302,0.585487200660611,FALSE,"Latin"
"11","ListenOnly",88,0.0726672171758877,0.0728521882741536,0.0536746490503716,0.0941370767960363,FALSE,"Latin"
"11","LikeOnly",372,0.307184145334434,0.308357555739059,0.274153592072667,0.341886870355078,FALSE,"Latin"
"11","Both",84,0.069364161849711,0.0695078447563997,0.0503715937241949,0.0891824938067713,FALSE,"Latin"
"12","Neither",610,0.500821018062397,0.500074712643678,0.461412151067323,0.538587848932677,FALSE,"Reggae"
"12","ListenOnly",150,0.123152709359606,0.123357142857143,0.10014367816092,0.14696223316913,FALSE,"Reggae"
"12","LikeOnly",325,0.266830870279146,0.267483579638752,0.235611658456486,0.300492610837438,FALSE,"Reggae"
"12","Both",133,0.109195402298851,0.109084564860427,0.0861863711001642,0.133004926108374,FALSE,"Reggae"
"13","Neither",554,0.462823725981621,0.462502923976608,0.426044277360067,0.500417710944027,FALSE,"Oldies"
"13","ListenOnly",59,0.0492898913951546,0.049687552213868,0.0334168755221387,0.0676900584795321,FALSE,"Oldies"
"13","LikeOnly",522,0.43609022556391,0.436143692564745,0.399331662489557,0.472013366750209,FALSE,"Oldies"
"13","Both",62,0.051796157059315,0.0516658312447786,0.0350877192982456,0.0693400167084378,FALSE,"Oldies"
"14","Neither",730,0.610878661087866,0.609423430962343,0.574058577405858,0.644372384937238,FALSE,"Bluegrass"
"14","ListenOnly",85,0.0711297071129707,0.0707648535564854,0.0527196652719665,0.0895606694560669,FALSE,"Bluegrass"
"14","LikeOnly",328,0.274476987447699,0.276026778242678,0.244330543933054,0.308786610878661,FALSE,"Bluegrass"
"14","Both",52,0.0435146443514644,0.0437849372384937,0.0284518828451883,0.0610878661087866,FALSE,"Bluegrass"
"15","Neither",692,0.58843537414966,0.587386904761905,0.549319727891156,0.623299319727891,FALSE,"Opera"
"15","ListenOnly",49,0.0416666666666667,0.042266156462585,0.0280612244897959,0.057844387755102,FALSE,"Opera"
"15","LikeOnly",407,0.34608843537415,0.346055272108844,0.312925170068027,0.383503401360544,FALSE,"Opera"
"15","Both",28,0.0238095238095238,0.0242916666666667,0.0136054421768707,0.0365646258503401,FALSE,"Opera"
"16","Neither",648,0.546835443037975,0.545929113924051,0.507151898734177,0.583966244725738,FALSE,"Musicals"
"16","ListenOnly",77,0.0649789029535865,0.0647670886075949,0.0464135021097046,0.085253164556962,FALSE,"Musicals"
"16","LikeOnly",387,0.326582278481013,0.32744135021097,0.291139240506329,0.362869198312236,FALSE,"Musicals"
"16","Both",73,0.0616033755274262,0.061862447257384,0.0455696202531646,0.0818565400843882,FALSE,"Musicals"
"17","Neither",216,0.174053182917002,0.177483481063658,0.15066478646253,0.207091055600322,FALSE,"New Age"
"17","ListenOnly",62,0.0499597099113618,0.0493166800966962,0.0338436744560838,0.0668815471394037,FALSE,"New Age"
"17","LikeOnly",722,0.581788879935536,0.579097502014504,0.543916196615633,0.61563255439162,FALSE,"New Age"
"17","Both",241,0.1941982272361,0.194102336825141,0.1651893634166,0.224012892828364,FALSE,"New Age"
"18","Neither",948,0.802030456852792,0.797599830795262,0.766497461928934,0.828257191201354,FALSE,"Easy Listening"
"18","ListenOnly",20,0.0169204737732657,0.018412013536379,0.00846023688663283,0.0296108291032149,FALSE,"Easy Listening"
"18","LikeOnly",210,0.177664974619289,0.179546531302876,0.152284263959391,0.208967851099831,FALSE,"Easy Listening"
"18","Both",4,0.00338409475465313,0.00444162436548223,0.000846023688663283,0.0109983079526227,FALSE,"Easy Listening"
"19","Neither",375,0.295974743488556,0.295549329123915,0.263614838200474,0.328354380426204,FALSE,"Gospel"
"19","ListenOnly",293,0.231254932912391,0.231095501183899,0.200473559589582,0.262036306235201,FALSE,"Gospel"
"19","LikeOnly",269,0.212312549329124,0.213196527229676,0.183109707971586,0.243902920284136,FALSE,"Gospel"
"19","Both",330,0.260457774269929,0.26015864246251,0.228097868981847,0.292048145224941,FALSE,"Gospel"
"2","Neither",735,0.629820051413882,0.627597257926307,0.591259640102828,0.663260497000857,FALSE,"Contemporary Pop"
"2","ListenOnly",25,0.0214224507283633,0.0222827763496144,0.0119965724078835,0.0359897172236504,FALSE,"Contemporary Pop"
"2","LikeOnly",385,0.329905741216795,0.330526992287918,0.295608397600685,0.363324764353042,FALSE,"Contemporary Pop"
"2","Both",22,0.0188517566409597,0.0195929734361611,0.00942587832047986,0.0317266495287061,FALSE,"Contemporary Pop"
"20","Neither",620,0.522765598650928,0.520313659359191,0.486509274873524,0.558178752107926,FALSE,"Swing/Big Band"
"20","ListenOnly",64,0.0539629005059022,0.0545733558178752,0.0387647554806071,0.0733768971332209,FALSE,"Swing/Big Band"
"20","LikeOnly",426,0.359190556492411,0.360386172006745,0.326285834738617,0.391273187183811,FALSE,"Swing/Big Band"
"20","Both",76,0.0640809443507589,0.0647268128161889,0.0472175379426644,0.0851602023608769,FALSE,"Swing/Big Band"
"3","Neither",426,0.348894348894349,0.350312858312858,0.315315315315315,0.386588861588862,FALSE,"Country"
"3","ListenOnly",125,0.102375102375102,0.101773955773956,0.0794226044226044,0.124488124488124,FALSE,"Country"
"3","LikeOnly",490,0.401310401310401,0.400397215397215,0.366052416052416,0.435708435708436,FALSE,"Country"
"3","Both",180,0.147420147420147,0.147515970515971,0.121212121212121,0.173628173628174,FALSE,"Country"
"4","Neither",160,0.121304018195603,0.125681576952237,0.10235026535254,0.150113722517058,FALSE,"Jazz"
"4","ListenOnly",145,0.109931766489765,0.10944806671721,0.087945413191812,0.133434420015163,FALSE,"Jazz"
"4","LikeOnly",492,0.373009855951478,0.37072100075815,0.335841546626232,0.403335860500379,FALSE,"Jazz"
"4","Both",522,0.395754359363154,0.394149355572403,0.360102350265353,0.4275966641395,FALSE,"Jazz"
"5","Neither",650,0.541215653621982,0.540436303080766,0.50541215653622,0.574521232306411,FALSE,"Classical"
"5","ListenOnly",62,0.0516236469608659,0.0519425478767694,0.0358034970857619,0.0691298917568693,FALSE,"Classical"
"5","LikeOnly",435,0.362198168193172,0.362210657785179,0.328059950041632,0.396336386344713,FALSE,"Classical"
"5","Both",54,0.04496253122398,0.0454104912572856,0.0299750208159867,0.0632805995004163,FALSE,"Classical"
"6","Neither",233,0.178544061302682,0.1806,0.153256704980843,0.208429118773946,FALSE,"Rap/Hip Hop"
"6","ListenOnly",269,0.206130268199234,0.204910344827586,0.176992337164751,0.234501915708812,FALSE,"Rap/Hip Hop"
"6","LikeOnly",344,0.26360153256705,0.263233716475096,0.232183908045977,0.296551724137931,FALSE,"Rap/Hip Hop"
"6","Both",459,0.351724137931034,0.351255938697318,0.317241379310345,0.388505747126437,FALSE,"Rap/Hip Hop"
"7","Neither",269,0.21015625,0.2124265625,0.184375,0.2453125,FALSE,"R&B/Blues"
"7","ListenOnly",204,0.159375,0.1592765625,0.13357421875,0.18517578125,FALSE,"R&B/Blues"
"7","LikeOnly",398,0.3109375,0.30929375,0.27732421875,0.3421875,FALSE,"R&B/Blues"
"7","Both",409,0.31953125,0.319003125,0.28748046875,0.35158203125,FALSE,"R&B/Blues"
"8","Neither",307,0.234351145038168,0.236829770992366,0.206087786259542,0.267175572519084,FALSE,"Contemporary Rock"
"8","ListenOnly",227,0.173282442748092,0.173704580152672,0.145801526717557,0.202290076335878,FALSE,"Contemporary Rock"
"8","LikeOnly",388,0.29618320610687,0.294160305343511,0.26486641221374,0.326736641221374,FALSE,"Contemporary Rock"
"8","Both",388,0.29618320610687,0.29530534351145,0.262576335877863,0.326736641221374,FALSE,"Contemporary Rock"
"9","Neither",386,0.314845024469821,0.315804241435563,0.280587275693312,0.353201468189233,FALSE,"Heavy Metal"
"9","ListenOnly",95,0.0774877650897227,0.0776321370309951,0.0587071778140294,0.099510603588907,FALSE,"Heavy Metal"
"9","LikeOnly",591,0.482055464926591,0.480981239804241,0.444514681892333,0.517944535073409,FALSE,"Heavy Metal"
"9","Both",154,0.125611745513866,0.125582381729201,0.102752854812398,0.15089722675367,FALSE,"Heavy Metal"
