"state","genre_name","median","q5","q95","prop_pos","prop_neg","cred_status"
"Consistent (Both)","Bluegrass",-0.613844833333333,-1.16826753333333,-0.116291016666667,0.0215,0.9785,"Credibly Below Average"
"Consistent (Both)","Classic Rock",0.933921666666667,0.458551666666667,1.373756,0.9995,5e-04,"Credibly Above Average"
"Consistent (Both)","Classical",-0.3814295,-0.876263166666667,0.0868888549999997,0.0855,0.9145,"Not Credible"
"Consistent (Both)","Contemporary Pop",0.728409166666667,0.2509494,1.17576368333333,0.992,0.008,"Credibly Above Average"
"Consistent (Both)","Contemporary Rock",0.697586166666667,0.2212295,1.13594571666667,0.99,0.01,"Credibly Above Average"
"Consistent (Both)","Country",0.608994766666667,0.125632133333334,1.0486919,0.98075,0.01925,"Credibly Above Average"
"Consistent (Both)","Easy Listening",0.0721973333333333,-0.412291683333333,0.529100466666667,0.6055,0.3945,"Not Credible"
"Consistent (Both)","Folk",-0.250274666666667,-0.751520433333333,0.217232683333333,0.1745,0.8255,"Not Credible"
"Consistent (Both)","Gospel",-0.123567333333333,-0.613559868333333,0.327059633333333,0.3175,0.6825,"Not Credible"
"Consistent (Both)","Heavy Metal",0.0556150333333333,-0.4236066,0.512140866666667,0.5815,0.4185,"Not Credible"
"Consistent (Both)","Jazz",-0.32678245,-0.828576758333333,0.125686295,0.11925,0.88075,"Not Credible"
"Consistent (Both)","Latin",-0.3816985,-0.886507133333333,0.0780971500000001,0.08775,0.91225,"Not Credible"
"Consistent (Both)","Musicals",-0.684658333333333,-1.18723908333333,-0.175703733333334,0.013,0.987,"Credibly Below Average"
"Consistent (Both)","New Age",-0.1907435,-0.6713689,0.25116055,0.248,0.752,"Not Credible"
"Consistent (Both)","Oldies",0.502272833333333,0.0175707166666668,0.957745146666666,0.956,0.044,"Credibly Above Average"
"Consistent (Both)","Opera",-1.34497833333333,-2.05614016666667,-0.7232525,0.00025,0.99975,"Credibly Below Average"
"Consistent (Both)","R&B/Blues",0.1942695,-0.29361969,0.635763715,0.75275,0.24725,"Not Credible"
"Consistent (Both)","Rap/Hip Hop",0.552799666666667,0.0699640699999999,0.991650133333333,0.97075,0.02925,"Credibly Above Average"
"Consistent (Both)","Reggae",-0.125400333333333,-0.6267886,0.330358133333333,0.323,0.677,"Not Credible"
"Consistent (Both)","Swing/Big Band",-0.503738333333333,-1.01250425,-0.0247896833333336,0.0435,0.9565,"Credibly Below Average"
"Like Only (Overclaim)","Bluegrass",0.905711333333333,0.532800066666667,1.28948997666667,0.99975,0.00025,"Credibly Above Average"
"Like Only (Overclaim)","Classic Rock",-0.507261666666667,-0.845661666666667,-0.156256333333333,0.00825,0.99175,"Credibly Below Average"
"Like Only (Overclaim)","Classical",0.426981,0.0567223666666667,0.785289967333333,0.971,0.029,"Credibly Above Average"
"Like Only (Overclaim)","Contemporary Pop",-0.999582666666667,-1.34384793333333,-0.6404742,0,1,"Credibly Below Average"
"Like Only (Overclaim)","Contemporary Rock",-0.744082333333333,-1.0885518,-0.3959023,0,1,"Credibly Below Average"
"Like Only (Overclaim)","Country",-0.773082666666667,-1.11386013333333,-0.420846283333333,0,1,"Credibly Below Average"
"Like Only (Overclaim)","Easy Listening",0.209154566666667,-0.133483383333333,0.56081195,0.835,0.165,"Not Credible"
"Like Only (Overclaim)","Folk",0.196713,-0.163702170833333,0.563001266666666,0.82125,0.17875,"Not Credible"
"Like Only (Overclaim)","Gospel",0.0305236666666666,-0.327815533333333,0.382669783333333,0.55575,0.44425,"Not Credible"
"Like Only (Overclaim)","Heavy Metal",-0.435657666666667,-0.7801055,-0.0853804500000001,0.018,0.982,"Credibly Below Average"
"Like Only (Overclaim)","Jazz",0.5495816,0.20010584,0.902890433333333,0.9925,0.0075,"Credibly Above Average"
"Like Only (Overclaim)","Latin",0.0809669999999999,-0.270974293333333,0.436238366666667,0.641,0.359,"Not Credible"
"Like Only (Overclaim)","Musicals",0.638595333333333,0.262158616666667,0.9997609,0.998,0.002,"Credibly Above Average"
"Like Only (Overclaim)","New Age",0.155304166666667,-0.195925066666667,0.51726458,0.758,0.242,"Not Credible"
"Like Only (Overclaim)","Oldies",0.392981,0.045786766666667,0.7480959995,0.96825,0.03175,"Credibly Above Average"
"Like Only (Overclaim)","Opera",0.980486666666667,0.559567833333333,1.4172355,1,0,"Credibly Above Average"
"Like Only (Overclaim)","R&B/Blues",-0.127681416666667,-0.4793879,0.220679572,0.2775,0.7225,"Not Credible"
"Like Only (Overclaim)","Rap/Hip Hop",-1.12759266666667,-1.4726357,-0.779593109,0,1,"Credibly Below Average"
"Like Only (Overclaim)","Reggae",0.26991893,-0.0841331516666667,0.62941608,0.89875,0.10125,"Not Credible"
"Like Only (Overclaim)","Swing/Big Band",0.5259005,0.158993866666667,0.8955293,0.993,0.007,"Credibly Above Average"
"Listen Only (Underclaim)","Bluegrass",-0.2761735,-0.713352483333333,0.163733416666667,0.145,0.855,"Not Credible"
"Listen Only (Underclaim)","Classic Rock",-0.42193,-0.813472733333333,-0.0508728333333334,0.031,0.969,"Credibly Below Average"
"Listen Only (Underclaim)","Classical",-0.0370526666666666,-0.444308135,0.362223041,0.443,0.557,"Not Credible"
"Listen Only (Underclaim)","Contemporary Pop",0.281058166666667,-0.101510666666667,0.648407316666667,0.88225,0.11775,"Not Credible"
"Listen Only (Underclaim)","Contemporary Rock",0.057655,-0.321788433333333,0.425940333333333,0.5945,0.4055,"Not Credible"
"Listen Only (Underclaim)","Country",0.1742,-0.206751133333333,0.543812983333333,0.76825,0.23175,"Not Credible"
"Listen Only (Underclaim)","Easy Listening",-0.273974933333333,-0.674621196666667,0.104595116666667,0.12025,0.87975,"Not Credible"
"Listen Only (Underclaim)","Folk",0.0621728333333333,-0.34827335,0.448552666666667,0.59975,0.40025,"Not Credible"
"Listen Only (Underclaim)","Gospel",0.106845066666667,-0.291495816666667,0.48440776,0.66475,0.33525,"Not Credible"
"Listen Only (Underclaim)","Heavy Metal",0.3868017,-0.00284041666666668,0.757313353333333,0.94925,0.05075,"Not Credible"
"Listen Only (Underclaim)","Jazz",-0.211563666666667,-0.618843833333333,0.188470616666667,0.19675,0.80325,"Not Credible"
"Listen Only (Underclaim)","Latin",0.3111995,-0.0848889166666667,0.696477533333333,0.89625,0.10375,"Not Credible"
"Listen Only (Underclaim)","Musicals",0.0521413333333334,-0.371311185,0.461151033333333,0.58175,0.41825,"Not Credible"
"Listen Only (Underclaim)","New Age",0.0452426666666667,-0.35877555,0.43293961,0.5745,0.4255,"Not Credible"
"Listen Only (Underclaim)","Oldies",-0.887263,-1.2948803,-0.494016316666667,5e-04,0.9995,"Credibly Below Average"
"Listen Only (Underclaim)","Opera",0.375441666666667,-0.122884833333334,0.8706335,0.88675,0.11325,"Not Credible"
"Listen Only (Underclaim)","R&B/Blues",-0.0568866666666666,-0.439008286666667,0.314116413333333,0.40275,0.59725,"Not Credible"
"Listen Only (Underclaim)","Rap/Hip Hop",0.5856852,0.204115266666667,0.952934843333333,0.9935,0.0065,"Credibly Above Average"
"Listen Only (Underclaim)","Reggae",-0.137657633333333,-0.54029615,0.258287483333333,0.29125,0.70875,"Not Credible"
"Listen Only (Underclaim)","Swing/Big Band",-0.0194926666666668,-0.438165783333333,0.381853466666667,0.4705,0.5295,"Not Credible"
